epoch,train_loss,train_accuracy,val_loss,val_accuracy
1,0.267402,0.1004,0.123153,0.9642
2,0.108629,0.0991,0.100257,0.9693
3,0.074918,0.1006,0.078887,0.9767
4,0.054521,0.1002,0.065528,0.9797
5,0.039323,0.1026,0.074385,0.9762
6,0.029636,0.1027,0.069532,0.979
7,0.022066,0.0989,0.075583,0.9767
8,0.016205,0.0984,0.071878,0.9803
9,0.010481,0.0999,0.067156,0.9815
10,0.008752,0.0988,0.068747,0.9825
