epoch,train_loss,train_accuracy,val_loss,val_accuracy
1,0.272806,0.0999,0.120845,0.9647
2,0.11231,0.102,0.09127,0.9718
3,0.074283,0.0994,0.080437,0.975
4,0.056413,0.1021,0.069137,0.981
5,0.042469,0.1014,0.071214,0.9812
6,0.031444,0.1015,0.062982,0.9823
7,0.023301,0.0987,0.064763,0.9822
8,0.017706,0.101,0.067732,0.9827
9,0.012694,0.1001,0.070108,0.9812
10,0.007347,0.0986,0.061366,0.9857
