epoch,train_loss,train_accuracy,val_loss,val_accuracy
1,0.280598,0.1009,0.118578,0.9643
2,0.114183,0.1013,0.081528,0.9763
3,0.077136,0.0987,0.081697,0.975
4,0.056767,0.0978,0.067802,0.9815
5,0.041156,0.1,0.060711,0.9832
6,0.03148,0.0996,0.070062,0.98
7,0.023695,0.1029,0.082259,0.9758
8,0.016178,0.1011,0.064863,0.9832
9,0.012491,0.1002,0.064762,0.9825
10,0.00876,0.1014,0.067133,0.9832
