epoch,train_loss,train_accuracy,val_loss,val_accuracy
1,0.180096,0.0997,0.06373,0.981
2,0.071418,0.101,0.062231,0.9823
3,0.051379,0.1008,0.053608,0.9845
4,0.042124,0.102,0.063342,0.9838
5,0.031569,0.0993,0.047903,0.986
6,0.026932,0.0996,0.062802,0.983
7,0.023384,0.1005,0.045506,0.9885
8,0.019267,0.1005,0.045681,0.9875
9,0.014567,0.0988,0.047112,0.9878
10,0.012027,0.1014,0.066445,0.988
