epoch,train_loss,train_accuracy,val_loss,val_accuracy
1,0.173123,0.0984,0.06817,0.9787
2,0.066582,0.0998,0.060232,0.9817
3,0.050291,0.102,0.054431,0.9853
4,0.039241,0.1013,0.045436,0.988
5,0.031566,0.1016,0.055558,0.985
6,0.025506,0.0993,0.051371,0.9877
7,0.021725,0.1008,0.051023,0.989
8,0.01726,0.1002,0.049759,0.9885
9,0.015462,0.102,0.040074,0.9902
10,0.012312,0.0991,0.053182,0.989
