epoch,train_loss,train_accuracy,val_loss,val_accuracy
1,0.176466,0.1025,0.061385,0.9813
2,0.065375,0.1008,0.056617,0.9827
3,0.046838,0.0991,0.047624,0.9867
4,0.036256,0.1009,0.045228,0.9872
5,0.028737,0.0991,0.045389,0.9878
6,0.022486,0.0997,0.040416,0.9902
7,0.019428,0.1014,0.056022,0.9857
8,0.015711,0.1002,0.058119,0.986
9,0.012229,0.1021,0.059832,0.9885
10,0.009883,0.0986,0.045998,0.9905
